<?xml version="1.0" encoding="UTF-8"?>
<!DOCTYPE hibernate-mapping PUBLIC 
"-//Hibernate/Hibernate Mapping DTD//EN"
"http://www.hibernate.org/dtd/hibernate-mapping-3.0.dtd">
<hibernate-mapping>
    <class name="Library" table="libraries">
        <id name="id" column="library_id">
            <generator class="native"/>
        </id>

        <!-- Mapping List -->
        <list name="booksList" table="library_books_list">
            <key column="library_id"/>
            <list-index column="list_index"/>
            <one-to-many class="Book"/>
        </list>

        <!-- Mapping Set -->
        <set name="booksSet" table="library_books_set">
            <key column="library_id"/>
            <one-to-many class="Book"/>
        </set>

        <!-- Mapping Bag -->
        <bag name="booksBag" table="library_books_bag">
            <key column="library_id"/>
            <one-to-many class="Book"/>
        </bag>

        <!-- Mapping Map -->
        <map name="booksMap" table="library_books_map">
            <key column="library_id"/>
            <map-key column="book_key" type="integer"/>
            <one-to-many class="Book"/>
        </map>
    </class>
</hibernate-mapping>
